<?xml version="1.0" encoding="UTF-8"?>
<efaOnlineUpdate>

    <Version>
        <VersionID>2.1.1_07</VersionID>
        <ReleaseDate>16.02.2015</ReleaseDate>
        <DownloadUrl>http://efa.nmichael.de/download/efa2drv.zip</DownloadUrl>
        <DownloadSize>3531658</DownloadSize>

        <!-- Changes (deutsch) -->
        <Changes lang="de">
            <ChangeItem>Bugfix (NullPointerException) für AutoCompletePopup behoben</ChangeItem>
        </Changes>
    </Version>

    <Version>
        <VersionID>2.1.1_06</VersionID>
        <ReleaseDate>05.02.2015</ReleaseDate>
        <DownloadUrl>http://efa.nmichael.de/download/efa2drv.zip</DownloadUrl>
        <DownloadSize>3509169</DownloadSize>

        <!-- Changes (deutsch) -->
        <Changes lang="de">
            <ChangeItem>Bugfix bei ungültiger Eingabe für Anzahl der Abzeichen</ChangeItem>
        </Changes>
    </Version>

    <Version>
        <VersionID>2.1.1_05</VersionID>
        <ReleaseDate>08.01.2015</ReleaseDate>
        <DownloadUrl>http://efa.nmichael.de/download/efa2drv.zip</DownloadUrl>
        <DownloadSize>3507587</DownloadSize>

        <!-- Changes (deutsch) -->
        <Changes lang="de">
            <ChangeItem>Anschreiben um IBAN/BIC ergänzt</ChangeItem>
            <ChangeItem>Gewässerliste in efaDRV für Bearbeitung der Wanderruderstatistik</ChangeItem>
            <ChangeItem>Bugfix Meldungen importieren</ChangeItem>
        </Changes>
    </Version>

    <Version>
        <VersionID>2.1.1_#1</VersionID>
        <ReleaseDate>02.11.2013</ReleaseDate>
        <DownloadUrl>http://efa.nmichael.de/download/efa2drv.zip</DownloadUrl>
        <DownloadSize>3482296</DownloadSize>

        <!-- Changes (deutsch) -->
        <Changes lang="de">
            <ChangeItem>Ausgabe der Gewässer als Meldestatistik (DRV-Wanderruderstatistik)</ChangeItem>
        </Changes>
    </Version>

    <Version>
        <VersionID>2.1.0_03</VersionID>
        <ReleaseDate>20.07.2013</ReleaseDate>
        <DownloadUrl>http://efa.nmichael.de/download/efa2drv.zip</DownloadUrl>
        <DownloadSize>3477769</DownloadSize>

        <!-- Changes (deutsch) -->
        <Changes lang="de">
            <ChangeItem>Meldedateieditor emil integriert</ChangeItem>
        </Changes>
    </Version>

    <Version>
        <VersionID>2.0.7_19</VersionID>
        <ReleaseDate>24.03.2013</ReleaseDate>
        <DownloadUrl>http://efa.nmichael.de/download/efa2drv.zip</DownloadUrl>
        <DownloadSize>3382282</DownloadSize>

        <!-- Changes (deutsch) -->
        <Changes lang="de">
            <ChangeItem>Mehrseitiger Ausdruck der Meldeübersicht korrigiert</ChangeItem>
        </Changes>
    </Version>

    <Version>
        <VersionID>2.0.7_18</VersionID>
        <ReleaseDate>15.03.2013</ReleaseDate>
        <DownloadUrl>http://efa.nmichael.de/download/efa2drv.zip</DownloadUrl>
        <DownloadSize>3371271</DownloadSize>

        <!-- Changes (deutsch) -->
        <Changes lang="de">
            <ChangeItem>Mehrseitiger Ausdruck der Meldeübersicht korrigiert</ChangeItem>
        </Changes>
    </Version>

    <Version>
        <VersionID>2.0.7_17</VersionID>
        <ReleaseDate>06.03.2013</ReleaseDate>
        <DownloadUrl>http://efa.nmichael.de/download/efa2drv.zip</DownloadUrl>
        <DownloadSize>3362869</DownloadSize>

        <!-- Changes (deutsch) -->
        <Changes lang="de">
            <ChangeItem>Filter für Ausgabe der Meldeübersicht nach bearbeiteten/allen Meldungen</ChangeItem>
            <ChangeItem>"Rechnungs-Nr" im Anschreiben an Vereine hinzugefügt</ChangeItem>
        </Changes>
    </Version>

    <Version>
        <VersionID>2.0.7_16</VersionID>
        <ReleaseDate>24.02.2013</ReleaseDate>
        <DownloadUrl>http://efa.nmichael.de/download/efa2drv.zip</DownloadUrl>
        <DownloadSize>3391912</DownloadSize>

        <!-- Changes (deutsch) -->
        <Changes lang="de">
            <ChangeItem>Abstände in Anschreiben (Briefbogen) korrigiert</ChangeItem>
        </Changes>
    </Version>

    <Version>
        <VersionID>2.0.7_13</VersionID>
        <ReleaseDate>29.01.2013</ReleaseDate>
        <DownloadUrl>http://efa.nmichael.de/download/efa2drv.zip</DownloadUrl>
        <DownloadSize>3375126</DownloadSize>

        <!-- Changes (deutsch) -->
        <Changes lang="de">
            <ChangeItem>Fehler beim Einbinden der Briefbogen-Vorlage in Anschreiben für DRV-Fahrtenabzeichen behoben</ChangeItem>
            <ChangeItem>elektronisches Fahrtenheft in Anschreiben zu DRV-Fahrtenabzeichen wird jetzt in kleinerer Schriftgröße ausgegeben, damit vier Fahrtenhefte auf eine Seite passen</ChangeItem>
        </Changes>
    </Version>

    <Version>
        <VersionID>2.0.7_05</VersionID>
        <ReleaseDate>03.01.2013</ReleaseDate>
        <DownloadUrl>http://efa.nmichael.de/download/efa2drv.zip</DownloadUrl>
        <DownloadSize>3391597</DownloadSize>

        <!-- Changes (deutsch) -->
        <Changes lang="de">
            <ChangeItem>Fehler unter Windows beim Öffnen des Dialogs zum Bearbeiten von Meldungen zum DRV-Fahrtenabzeichen</ChangeItem>
        </Changes>
    </Version>

    <Version>
        <VersionID>2.0.5_03</VersionID>
        <ReleaseDate>02.12.2012</ReleaseDate>
        <DownloadUrl>http://efa.nmichael.de/download/efa2drv.zip</DownloadUrl>
        <DownloadSize>3158885</DownloadSize>

        <!-- Changes (deutsch) -->
        <Changes lang="de">
            <ChangeItem>Anzeige von LfdNr und Streckendetails für DRV-Wanderruderstatistik</ChangeItem>
            <ChangeItem>Erstellen von Rückfragen für DRV-Wanderruderstatistik</ChangeItem>
            <ChangeItem>Erfassen von Notizen für Meldungen</ChangeItem>
        </Changes>
    </Version>

    <Version>
        <VersionID>1.9.9_35</VersionID>
        <ReleaseDate>05.02.2012</ReleaseDate>
        <DownloadUrl>http://efa.nmichael.de/efa2/download/efa2drv.zip</DownloadUrl>
        <DownloadSize>2893362</DownloadSize>

        <!-- Changes (deutsch) -->
        <Changes lang="de">
            <ChangeItem>Konfiguration bereinigt</ChangeItem>
            <ChangeItem>Zusätzliche Debug-Ausgaben</ChangeItem>
        </Changes>
    </Version>

    <Version>
        <VersionID>1.9.9_29</VersionID>
        <ReleaseDate>31.01.2012</ReleaseDate>
        <DownloadUrl>http://efa.nmichael.de/efa2/download/efa2drv.zip</DownloadUrl>
        <DownloadSize>2868158</DownloadSize>

        <!-- Changes (deutsch) -->
        <Changes lang="de">
            <ChangeItem>PDF-Layout: 45mm oberer Rand zu Adreßzeile</ChangeItem>
        </Changes>
    </Version>

    <Version>
        <VersionID>1.9.9_27</VersionID>
        <ReleaseDate>29.01.2012</ReleaseDate>
        <DownloadUrl>http://efa.nmichael.de/efa2/download/efa2drv.zip</DownloadUrl>
        <DownloadSize>2890497</DownloadSize>

        <!-- Changes (deutsch) -->
        <Changes lang="de">
            <ChangeItem>Bugfixes</ChangeItem>
        </Changes>
    </Version>

    <Version>
        <VersionID>1.9.9_26</VersionID>
        <ReleaseDate>28.01.2012</ReleaseDate>
        <DownloadUrl>http://efa.nmichael.de/efa2/download/efa2drv.zip</DownloadUrl>
        <DownloadSize>2832831</DownloadSize>

        <!-- Changes (deutsch) -->
        <Changes lang="de">
            <ChangeItem>efaDRV auf Basis von efa2</ChangeItem>
            <ChangeItem>Neuer Briefbogen</ChangeItem>
        </Changes>
    </Version>

</efaOnlineUpdate>